http://trustrachel.com/posts/2010/08/09/927305047/,http://trustrachel.com/posts/posts/posts20100809927305047.html
http://trustrachel.com/posts/2010/08/11/937345296/,http://trustrachel.com/posts/posts/posts20100811937345296.html
http://trustrachel.com/posts/2010/08/02/894576403/,http://trustrachel.com/posts/posts/posts20100802894576403.html
http://trustrachel.com/posts/2011/03/15/3872101713/,http://trustrachel.com/posts/posts/posts201103153872101713.html
http://trustrachel.com/posts/2010/08/05/907903474/,http://trustrachel.com/posts/posts/posts20100805907903474.html
http://trustrachel.com/posts/2010/08/06/912952086/,http://trustrachel.com/posts/posts/posts20100806912952086.html
http://trustrachel.com/posts/2012/01/21/16219720116/,http://trustrachel.com/posts/posts/posts2012012116219720116.html
http://trustrachel.com/posts/2011/02/27/3549336995/,http://trustrachel.com/posts/posts/posts201102273549336995.html
http://trustrachel.com/posts/2012/02/08/17272207442/,http://trustrachel.com/posts/posts/posts2012020817272207442.html
http://trustrachel.com/posts/2012/11/17/mars-rover-documentary/,http://trustrachel.com/posts/posts/posts20121117mars-rover-documentary.html
http://trustrachel.com/posts/2011/03/07/3701672590/,http://trustrachel.com/posts/posts/posts201103073701672590.html
http://trustrachel.com/posts/2010/08/21/987764356/,http://trustrachel.com/posts/posts/posts20100821987764356.html
http://trustrachel.com/posts/2010/08/16/964816028/,http://trustrachel.com/posts/posts/posts20100816964816028.html
http://trustrachel.com/posts/2011/03/02/3602923266/,http://trustrachel.com/posts/posts/posts201103023602923266.html
http://trustrachel.com/posts/2012/11/26/flask-v-django/,http://trustrachel.com/posts/posts/posts20121126flask-v-django.html
http://trustrachel.com/posts/about/,http://trustrachel.com/posts/stories/postsabout.html
http://trustrachel.com/posts/2012/02/08/17277872272/,http://trustrachel.com/posts/posts/posts2012020817277872272.html
http://trustrachel.com/posts/2012/01/28/16604457946/,http://trustrachel.com/posts/posts/posts2012012816604457946.html
http://trustrachel.com/posts/?p=110,http://trustrachel.com/posts/posts/posts.html
http://trustrachel.com/posts/2010/08/04/903625683/,http://trustrachel.com/posts/posts/posts20100804903625683.html
http://trustrachel.com/posts/2011/02/26/3520038757/,http://trustrachel.com/posts/posts/posts201102263520038757.html
http://trustrachel.com/posts/2010/08/03/898540194/,http://trustrachel.com/posts/posts/posts20100803898540194.html
http://trustrachel.com/posts/2010/08/24/1003733836/,http://trustrachel.com/posts/posts/posts201008241003733836.html
